channel_id,dimension,node_id,label,fx,fy,fz,radius_A
0,3,0,0,0.860862,0.139138,0.468685,0.517396
0,3,3,3,0.655291,0.606179,0.606913,0.50208
0,3,5,5,0.909974,0.0900261,0.682511,0.678924
0,3,7,7,0.393821,0.344709,0.606913,0.50208
0,3,9,9,0.909974,0.0900261,0.817489,0.678924
0,3,10,10,0.860862,0.139138,0.0313153,0.517396
0,3,13,13,0.393821,0.344709,0.893087,0.502079
0,3,14,14,0.655291,0.606179,0.893087,0.502079
0,3,16,16,0.811221,0.188779,0.454507,0.653147
0,3,17,17,0.746388,0.253612,0.70862,1.10044
0,3,20,20,0.533983,0.466017,0.647956,0.631763
0,3,25,25,0.746388,0.253612,0.791379,1.10044
0,3,28,28,0.533983,0.466017,0.852043,0.631763
0,3,29,29,0.811221,0.188779,0.0454929,0.653147
0,3,31,31,0.487121,0.512879,0.75,0.677801
0,3,32,32,0.761002,0.238998,0.75,1.18955
0,3,33,33,0.87898,0.12102,0.75,0.926017
0,3,1,1,0.606179,0.655291,0.393087,0.50208
0,3,2,2,0.344709,0.393821,0.393087,0.50208
0,3,4,4,0.139138,0.860862,0.531315,0.517396
0,3,6,6,0.0900261,0.909974,0.317489,0.678924
0,3,8,8,0.139138,0.860862,0.968685,0.517395
0,3,11,11,0.0900263,0.909974,0.182511,0.678926
0,3,12,12,0.344709,0.393821,0.106913,0.50208
0,3,15,15,0.606179,0.655291,0.106913,0.50208
0,3,18,18,0.253612,0.746388,0.29138,1.10044
0,3,19,19,0.188779,0.811221,0.545493,0.653148
0,3,21,21,0.238998,0.761002,0.25,1.18955
0,3,22,22,0.12102,0.87898,0.25,0.926018
0,3,23,23,0.512879,0.487121,0.25,0.677801
0,3,24,24,0.466017,0.533983,0.352044,0.631763
0,3,26,26,0.188779,0.811221,0.954507,0.653147
0,3,27,27,0.253612,0.746388,0.20862,1.10044
0,3,30,30,0.466017,0.533983,0.147956,0.631763
