channel_id,dimension,start,end,image_a,image_b,image_c,bottleneck_fx,bottleneck_fy,bottleneck_fz,radius_A,length_A
0,3,0,16,0,0,0,0.860862,0.139138,0.468685,0.517396,0.513663
0,3,3,20,0,0,0,0.655291,0.606179,0.606913,0.50208,0.51399
0,3,5,33,0,0,0,0.909974,0.0900261,0.682511,0.678924,0.584819
0,3,7,20,0,0,0,0.393821,0.344709,0.606913,0.50208,0.51399
0,3,9,33,0,0,0,0.909974,0.0900261,0.817489,0.678924,0.584819
0,3,10,29,0,0,0,0.860862,0.139138,0.0313153,0.517396,0.513663
0,3,13,28,0,0,0,0.393821,0.344709,0.893087,0.502079,0.513991
0,3,14,28,0,0,0,0.655291,0.606179,0.893087,0.502079,0.513991
0,3,16,18,0,-1,0,0.654636,0.0645492,0.408698,0.560459,2.04375
0,3,16,18,1,0,0,0.935451,0.345364,0.408698,0.560459,2.04375
0,3,16,17,0,0,0,0.794096,0.205904,0.521629,0.577294,1.9702
0,3,16,0,0,0,0,0.860862,0.139138,0.468685,0.517396,0.513663
0,3,17,16,0,0,0,0.794096,0.205904,0.521629,0.577294,1.9702
0,3,17,19,1,0,0,1.06455,0.654636,0.591301,0.560459,2.04375
0,3,17,20,0,0,0,0.598226,0.401774,0.666305,0.504645,2.19789
0,3,17,19,0,-1,0,0.345364,-0.0645492,0.591301,0.560459,2.04375
0,3,17,32,0,0,0,0.746388,0.253612,0.70862,1.10044,0.336772
0,3,20,7,0,0,0,0.393821,0.344709,0.606913,0.50208,0.51399
0,3,20,17,0,0,0,0.598226,0.401774,0.666305,0.504645,2.19789
0,3,20,3,0,0,0,0.655291,0.606179,0.606913,0.50208,0.51399
0,3,20,31,0,0,0,0.515587,0.484413,0.688014,0.59801,0.884247
0,3,25,26,1,0,0,1.06455,0.654636,0.908698,0.560459,2.04375
0,3,25,29,0,0,1,0.794096,0.205904,0.97837,0.577293,1.9702
0,3,25,26,0,-1,0,0.345364,-0.0645495,0.908698,0.560459,2.04375
0,3,25,28,0,0,0,0.598226,0.401774,0.833695,0.504644,2.19789
0,3,25,32,0,0,0,0.746388,0.253612,0.791379,1.10044,0.336768
0,3,28,14,0,0,0,0.655291,0.606179,0.893087,0.502079,0.513991
0,3,28,25,0,0,0,0.598226,0.401774,0.833695,0.504644,2.19789
0,3,28,13,0,0,0,0.393821,0.344709,0.893087,0.502079,0.513991
0,3,28,31,0,0,0,0.515587,0.484413,0.811986,0.59801,0.884245
0,3,29,25,0,0,-1,0.794096,0.205904,-0.0216296,0.577293,1.9702
0,3,29,27,1,0,0,0.935451,0.345364,0.0913015,0.560459,2.04375
0,3,29,27,0,-1,0,0.654636,0.0645494,0.0913015,0.560459,2.04375
0,3,29,10,0,0,0,0.860862,0.139138,0.0313153,0.517396,0.513663
0,3,31,28,0,0,0,0.515587,0.484413,0.811986,0.59801,0.884245
0,3,31,33,0,1,0,0.630001,0.734621,0.75,0.542802,1.90145
0,3,31,20,0,0,0,0.515587,0.484413,0.688014,0.59801,0.884247
0,3,31,33,-1,0,0,0.265379,0.369999,0.75,0.542802,1.90145
0,3,32,32,-1,-1,0,0.261002,-0.261002,0.75,0.605714,3.10761
0,3,32,17,0,0,0,0.746388,0.253612,0.70862,1.10044,0.336772
0,3,32,25,0,0,0,0.746388,0.253612,0.791379,1.10044,0.336768
0,3,32,32,1,1,0,1.261,0.738998,0.75,0.605714,3.10761
0,3,32,33,0,0,0,0.868438,0.131562,0.75,0.923292,1.1957
0,3,33,9,0,0,0,0.909974,0.0900261,0.817489,0.678924,0.584819
0,3,33,31,1,0,0,1.26538,0.369999,0.75,0.542802,1.90145
0,3,33,5,0,0,0,0.909974,0.0900261,0.682511,0.678924,0.584819
0,3,33,31,0,-1,0,0.630001,-0.265379,0.75,0.542802,1.90145
0,3,33,32,0,0,0,0.868438,0.131562,0.75,0.923292,1.1957
0,3,1,24,0,0,0,0.606179,0.655291,0.393087,0.50208,0.51399
0,3,2,24,0,0,0,0.344709,0.393821,0.393087,0.50208,0.51399
0,3,4,19,0,0,0,0.139138,0.860862,0.531315,0.517396,0.513663
0,3,6,22,0,0,0,0.0900261,0.909974,0.317489,0.678924,0.584821
0,3,8,26,0,0,0,0.139138,0.860862,0.968685,0.517395,0.513665
0,3,11,22,0,0,0,0.0900263,0.909974,0.182511,0.678926,0.584816
0,3,12,30,0,0,0,0.344709,0.393821,0.106913,0.50208,0.513989
0,3,15,30,0,0,0,0.606179,0.655291,0.106913,0.50208,0.513989
0,3,18,19,0,0,0,0.205904,0.794096,0.478371,0.577294,1.9702
0,3,18,21,0,0,0,0.253612,0.746388,0.29138,1.10044,0.336773
0,3,18,16,0,1,0,0.654636,1.06455,0.408698,0.560459,2.04375
0,3,18,16,-1,0,0,-0.0645492,0.345364,0.408698,0.560459,2.04375
0,3,18,24,0,0,0,0.401774,0.598226,0.333695,0.504645,2.19789
0,3,19,4,0,0,0,0.139138,0.860862,0.531315,0.517396,0.513663
0,3,19,17,-1,0,0,0.0645492,0.654636,0.591301,0.560459,2.04375
0,3,19,18,0,0,0,0.205904,0.794096,0.478371,0.577294,1.9702
0,3,19,17,0,1,0,0.345364,0.935451,0.591301,0.560459,2.04375
0,3,21,22,0,0,0,0.131562,0.868438,0.25,0.923293,1.1957
0,3,21,21,1,1,0,0.738998,1.261,0.25,0.605715,3.10761
0,3,21,18,0,0,0,0.253612,0.746388,0.29138,1.10044,0.336773
0,3,21,21,-1,-1,0,-0.261002,0.261002,0.25,0.605715,3.10761
0,3,21,27,0,0,0,0.253612,0.746388,0.20862,1.10044,0.33677
0,3,22,23,0,1,0,0.369999,1.26538,0.25,0.542803,1.90145
0,3,22,21,0,0,0,0.131562,0.868438,0.25,0.923293,1.1957
0,3,22,6,0,0,0,0.0900261,0.909974,0.317489,0.678924,0.584821
0,3,22,23,-1,0,0,-0.265379,0.630001,0.25,0.542803,1.90145
0,3,22,11,0,0,0,0.0900263,0.909974,0.182511,0.678926,0.584816
0,3,23,22,1,0,0,0.734621,0.630001,0.25,0.542803,1.90145
0,3,23,22,0,-1,0,0.369999,0.265379,0.25,0.542803,1.90145
0,3,23,24,0,0,0,0.484413,0.515587,0.311986,0.59801,0.884249
0,3,23,30,0,0,0,0.484413,0.515587,0.188014,0.598011,0.884246
0,3,24,23,0,0,0,0.484413,0.515587,0.311986,0.59801,0.884249
0,3,24,2,0,0,0,0.344709,0.393821,0.393087,0.50208,0.51399
0,3,24,1,0,0,0,0.606179,0.655291,0.393087,0.50208,0.51399
0,3,24,18,0,0,0,0.401774,0.598226,0.333695,0.504645,2.19789
0,3,26,27,0,0,1,0.205904,0.794096,1.02163,0.577293,1.9702
0,3,26,8,0,0,0,0.139138,0.860862,0.968685,0.517395,0.513665
0,3,26,25,0,1,0,0.345364,0.935451,0.908698,0.560459,2.04375
0,3,26,25,-1,0,0,0.0645495,0.654636,0.908698,0.560459,2.04375
0,3,27,21,0,0,0,0.253612,0.746388,0.20862,1.10044,0.33677
0,3,27,29,-1,0,0,-0.0645494,0.345364,0.0913015,0.560459,2.04375
0,3,27,29,0,1,0,0.654636,1.06455,0.0913015,0.560459,2.04375
0,3,27,26,0,0,-1,0.205904,0.794096,0.0216292,0.577293,1.9702
0,3,27,30,0,0,0,0.401774,0.598226,0.166305,0.504645,2.19789
0,3,30,15,0,0,0,0.606179,0.655291,0.106913,0.50208,0.513989
0,3,30,12,0,0,0,0.344709,0.393821,0.106913,0.50208,0.513989
0,3,30,23,0,0,0,0.484413,0.515587,0.188014,0.598011,0.884246
0,3,30,27,0,0,0,0.401774,0.598226,0.166305,0.504645,2.19789
